,KNeighborsClassifier,GaussianNB,DecisionTreeClassifier
accuray,0.7721815571677407,0.7936181869479382,0.8104481540043407
f1_score,0.6219203091474595,0.6476340841319747,0.7426233474998006
