,KNeighborsClassifier,GaussianNB,DecisionTreeClassifier
accuray,0.7684655389752104,0.7942016684532802,0.8041830806299644
f1_score,0.6058096254972429,0.6480885844005861,0.7350173766535733
