,KNeighborsClassifier,GaussianNB,DecisionTreeClassifier
accuray,0.7721815571677407,0.7952151913964932,0.8083596170485947
f1_score,0.6219203091474595,0.6489367552160682,0.7406175835574152
