,KNeighborsClassifier,GaussianNB,DecisionTreeClassifier
accuray,0.7684655389752104,0.7952766258876176,0.8036609298890539
f1_score,0.6058096254972429,0.6483816081856586,0.7342494433130634
