,KNeighborsClassifier,GaussianNB,DecisionTreeClassifier
accuray,0.7766347421052671,0.7962901205417324,0.8108165912164991
f1_score,0.6330011264091846,0.6494219872772425,0.7425807945437158
