,KNeighborsClassifier,GaussianNB,DecisionTreeClassifier
accuray,0.7766347421052671,0.7947545505843019,0.8112772414583898
f1_score,0.6330011264091846,0.6484987911013407,0.7430926540854181
