,KNeighborsClassifier,GaussianNB,DecisionTreeClassifier
accuracy,0.7761434076217619,0.7951538134835648,0.812260108449086
f1_score,0.638275631971059,0.6489262473242434,0.7454076647011634
