,KNeighborsClassifier,GaussianNB,DecisionTreeClassifier
accuray,0.7761434076217619,0.7963822675635694,0.812229527934164
f1_score,0.638275631971059,0.6492234485306618,0.7449424965891801
