,KNeighborsClassifier,GaussianNB,DecisionTreeClassifier
accuray,0.022475,0.026725,0.024825
f1_score,0.005144789299103062,0.0013250618349928355,0.004886677342630398
