,KNeighborsClassifier,GaussianNB,DecisionTreeClassifier
accuracy,0.036375,0.020575,0.03005
f1_score,0.005582263632066954,0.0006445842991661579,0.006241860459270952
