,KNeighborsClassifier,GaussianNB,DecisionTreeClassifier
accuray,0.9175000000000001,0.8010000000000002,0.8099999999999999
f1_score,0.9174569574650603,0.8022446445355179,0.8101038844230113
