,KNeighborsClassifier,GaussianNB,DecisionTreeClassifier
accuracy,0.9235000000000001,0.812,0.8374999999999998
f1_score,0.9235573141782899,0.812490994125438,0.8377532383740606
