,KNeighborsClassifier,GaussianNB,DecisionTreeClassifier
accuray,0.024575,0.027200000000000002,0.02705
f1_score,0.005580391466494265,0.0016956904893088254,0.005628268328562335
