,KNeighborsClassifier,GaussianNB,DecisionTreeClassifier
accuray,0.033499999999999995,0.018449999999999998,0.029425
f1_score,0.004308377927689797,0.0009423458080932975,0.006559044036254668
