,KNeighborsClassifier,GaussianNB,DecisionTreeClassifier
accuray,0.032174999999999995,0.016974999999999997,0.025775000000000003
f1_score,0.004031794985278139,0.0008206969794177377,0.005033267525899491
