,KNeighborsClassifier,GaussianNB,DecisionTreeClassifier
accuray,0.9235000000000001,0.8130000000000001,0.8375
f1_score,0.9235573141782899,0.8123219111976635,0.8371523633076432
