,KNeighborsClassifier,GaussianNB,DecisionTreeClassifier
accuray,0.025875000000000002,0.030399999999999993,0.03055
f1_score,0.005402505378480048,0.0013878647312501047,0.006651215677382897
