,KNeighborsClassifier,GaussianNB,DecisionTreeClassifier
accuray,0.033875,0.019575,0.029175
f1_score,0.004777266898542096,0.0006324642379547879,0.006273519883553293
