,KNeighborsClassifier,GaussianNB,DecisionTreeClassifier
accuray,0.891,0.7875000000000001,0.7885000000000001
f1_score,0.8907607866388438,0.7884788267422077,0.7885805937625272
