,KNeighborsClassifier,GaussianNB,DecisionTreeClassifier
accuray,0.9175000000000001,0.8020000000000002,0.8140000000000001
f1_score,0.9174569574650603,0.8020396715596949,0.8140323337860897
