,KNeighborsClassifier,GaussianNB,DecisionTreeClassifier
accuray,0.9225,0.8055000000000001,0.8404999999999999
f1_score,0.922551655628148,0.8050593691014667,0.8398235349292775
